"img","name","price"
"https://down-vn.img.susercontent.com/file/vn-11134258-7ras8-m1rgqr12xlmnfa","Xịt bưởi Nano kích mọc tóc nhanh dài làm dày và giảm rụng tóc Vyvyhaircare V 115ml","150.000"
"https://down-vn.img.susercontent.com/file/vn-11134258-7ras8-m1rgqr12xlmnfa","Kem và Serum Xoá Mờ Sẹo Actiscar làm mờ sẹo Lồi, Sẹo Lõm, Sẹo Rỗ, Sẹo Thâm Lâu Năm","659.000"
"https://down-vn.img.susercontent.com/file/vn-11134258-7ras8-m1rgqr12xlmnfa","Kem Mờ Sẹo Actiscar 20g Hỗ Trợ Xóa Mờ Sẹo Lồi, Lõm, Bỏng Bô, Thủy Đậu","379.000"
"https://down-vn.img.susercontent.com/file/vn-11134258-7ras8-m1rh2v1sfwe723","Dầu gội thảo dược Retro Nano ngăn bết tóc tơi phồng mềm mượt tóc vyvyhaircare V 315ml","149.000"
"https://down-vn.img.susercontent.com/file/vn-11134258-7ras8-m1rh2v1sfwe723","Combo Kem Rạn Da Actiscar Stretch 100ml và Serum Rạn Da 30ml","349.000"
"https://down-vn.img.susercontent.com/file/vn-11134258-7ras8-m1rh2v1sfwe723","Bộ sản phẩm tắm Wake Up dưỡng trắng mịn da vyvyhaircare V 320gr","185.000"
"https://down-vn.img.susercontent.com/file/vn-11134258-7ras8-m1rgv1ikgz3zec","Kem & Serum Xóa Sẹo Rỗ Actiscar Mờ Sẹo Lõm, Sẹo Thâm Mụn Lâu Năm Nhanh Chóng Tại Nhà","339.000"
"https://down-vn.img.susercontent.com/file/vn-11134258-7ras8-m1rh2v1sfwe723","Tinh chất dưỡng trắng và mờ thâm Anodin Niacinamide 10 Plus","355.000"
"https://down-vn.img.susercontent.com/file/vn-11134258-7ras8-m1rh2v1sfwe723","Sữa dưỡng mềm mượt tóc cấp tốc giữ màu nhuộm sáng bóng chiết xuất Jojoba vyvyhaircare V 100ml","180.000"
"https://down-vn.img.susercontent.com/file/vn-11134258-7ras8-m1rh2v1sfwe723","Kem Và Serum Actiscar Xử Lý Sẹo Lồi, Sẹo Phì Đại Lâu Năm Nhanh Chóng","339.000"
"https://down-vn.img.susercontent.com/file/vn-11134258-7ras8-m1rh2v1sfwe723","Serum dưỡng sáng, mờ thâm nám đa tầng Goldnexamic 10X Anodin 30ml","649.000"
"https://down-vn.img.susercontent.com/file/vn-11134258-7ras8-m1rh2v1sfwe723","Kem chống nắng nâng tone cho da dầu, nhạy cảm Anodin Kava Kava Calming Suncream 50ml","295.000"
"https://down-vn.img.susercontent.com/file/vn-11134258-7ras8-m1rh2v1sfwe723","Kem dưỡng sáng, mờ thâm nám đa tầng Goldnexamic 10X Anodin 35ml","649.000"
"https://down-vn.img.susercontent.com/file/vn-11134258-7ras8-m1rh2v1sfwe723","Kem vi gai Retinol RX Micro Spicule Anodin 15ml","449.000"
"https://down-vn.img.susercontent.com/file/vn-11134258-7ras8-m1rh2v1sfwe723","Kem & Serum Xóa Sẹo Rỗ Actiscar Mờ Sẹo Lõm, Sẹo Thâm Mụn Lâu Năm Nhanh Chóng Tại Nhà","339.000"
"https://down-vn.img.susercontent.com/file/vn-11134258-7ras8-m1rh2v1sfwe723","Bộ sản phẩm tắm Wake Up dưỡng trắng mịn da vyvyhaircare V 320gr","185.000"
"https://down-vn.img.susercontent.com/file/vn-11134258-7ras8-m1rh2v1sfwe723","Bàn ủi hơi nước cầm tay Philips STH1000 /10|900W|nhỏ gọn ngăn chứa nước 85ml có thể tháo","628.000"
"https://down-vn.img.susercontent.com/file/vn-11134258-7ras8-m1rh2v1sfwe723","Bàn Ủi Hơi Nước đứng PHILIPS GC518 1600W Xanh - Hàng Chính Hãng","1.550.000"
"https://down-vn.img.susercontent.com/file/vn-11134258-7ras8-m1rh2v1sfwe723","Máy xay sinh tố PHILIPS HR2223 /00 700W full phụ kiện cối nhựa - Hàng Chính Hãng","1.410.000"
"https://down-vn.img.susercontent.com/file/vn-11134258-7ras8-m1rh2v1sfwe723","Nồi Chiên Không Dầu Philips HD9280 /90 Essential size XL Digital Connected","2.750.000"
"https://down-vn.img.susercontent.com/file/vn-11134258-7ras8-m1rh2v1sfwe723","[Mã ELPLSBD06 giảm 10% đơn 1TR] Máy Lọc Không Khí Philips AC0850 /20 |Nhỏ gọn, làm sạch trong chưa đầy 16phút","3.160.000"
"https://down-vn.img.susercontent.com/file/vn-11134258-7ras8-m1rh2v1sfwe723","Máy Xay sinh tố Philips HR2041/00 model mới |450W| thân máy + 01 cối lớn| Xay nhuyễn mịn - Hàng Chính Hãng","569.000"
"https://down-vn.img.susercontent.com/file/vn-11134258-7ras8-m1rh2v1sfwe723","Bàn ủi khô Philips HD1172/01 - Hàng chính hãng","302.000"
"https://down-vn.img.susercontent.com/file/vn-11134258-7ras8-m1rh2v1sfwe723","Nồi chiên không dầu PHILIPS HD9200 /90 4.1L 1400W- Hàng Chính Hãng","1.510.000"
"https://down-vn.img.susercontent.com/file/vn-11134258-7ras8-m1rh2v1sfwe723","Bàn Ủi Hơi Nước PHILIPS GC1740 /20 - Hàng Chính Hãng","460.000"
"https://down-vn.img.susercontent.com/file/vn-11134258-7ras8-m1rh2v1sfwe723","Máy xay sinh tố PHILIPS HR2041 /10 | 450W |xay nhuyễn trong 45s - Hàng Chính Hãng","590.000"
"https://down-vn.img.susercontent.com/file/vn-11134258-7ras8-m1rh2v1sfwe723","Bàn Ủi Hơi Nước Trụ Đứng Philips STE3170 /80 Có Cầu Uỉ StyleBoard nghiêng, Premium","2.895.000"
